plastic,greenhousegasemissions,
environment,rawsewage,
booksonline,politicalscience,china,future,economy,melbourne,digitaleconomy,
environment,ecosystem,climatechange,climateaction,
climate,climatechange,environment,nature,globalwarming,climatecrisi,
fridayposts,fridayvibes,fridayreflect,fridayfeeling,nature,environment,serenity,peace,calm,earth,balm,beauty,ene,
ballina,australia,arts,australiaday,
environment,
cop26,extinctionisfor,
airpollution,pollution,climate,india,health,environment,
ewaste,recycling,electronicwaste,recycle,sustainability,carbonfootprint,sustainable,environment,
globe,mothernature,earth,environment,
netzeros,statista,ipcc,sdgs,climatecrisis,co2,lowcarbon,tcfd,esg,environmen,
climatechange,climateinaction,australia,indigenoustribal,tribal,environment,environmental,
moonsinger,
environment,plantation,
architecture,australia,australian,bluemountains,
heelsclass,studio,class,co,
research,genomics,
heelsclass,studio,
photos,animaux,animals,biodiversity,biodiversit,nature,wildlife,science,environment,environne,
2d,aftereffect,ani,animation,duck,eco,
australia,inspiration,environment,oceans,planet,children,
digitalart,sketch,environment,
openaccess,
environment,ecosystem,climatechange,
phd,research,dna,environmen,
climatechange,environment,af,
climate,climatechange,environment,nature,globalwarming,
mapping,mapamundi,worldmap,biology,geog,
angustaylor,lnp,
vikranttongad,safegreen,rti,goodnews,wirkforindia,envi,
sustainability,sustai,
environment,
conservation,environmen,
naturephotography,coneyisland,environment,nycphotographers,
environment,brazil,writing,jerrynelson,amazon,
bats,
pollution,
shriektober,fae,environment,digitalpainting,ipadart,
africa,african,agriculture,australia,australian,
environment,
climatecrisis,
vikranttongad,safegreen,rti,goodnews,wirkforindia,
sustainability,
space,ai,robotic,innovation,environment,
rubbish,rubbishremoval,
environment,indiafi,
sport,sustainability,environment,climatechange,football,basketball,fo,
lithium,electricve,
lithium,
nature,environment,circuit,house,area,jamshedpur,jharkhand,india,
environment,loveearth,nateco,eco,globe,
publichealth,environment,
nikond7100,nikon18140,morning,sunrise,mountain,silhouette,taif,
autumn,hiking,mounta,
nowaste,
bowral,online,burradoo,community,council,
vaccination,nsw,albury,biosecurity,bourke,building,
australia,bathroom,brisbane,
islandxprix,
coin,foblgate,probit,bitcoins,lccoin,environment,ecosystem,instagram,twitter,festival,blockchain,
australia,climatechange,clima,
hangzhou,
equity,crowdfunding,invest,brand,
worththeread,milk,
teachers,leaders,environment,learning,
australia,climatechange,
37,envi,
climatechange,environment,
analytics,environment,
infrastructure,pune,environment,
amr,
djvmmantrochchaaran,mantra,
everyday,growthmindset,thinkwithgoogle,sexes,think,
manchin,environment,infrastructure,soc,
igf2021,humanrights,access,emergingregulation,environment,digital,
environment,
scbwibookstop,
susinterestingpaper,
stevendonziger,
hyderabad,environment,defacinghyderabad,trs,trsplenary,
infrastructure,pune,
environment,agr,
albury,auspol,corowa,council,detention,
biotech,
tasmania,animal,auspol,australia,
surfing,standuppaddleboarding,nature,environment,foilboarding,
savetrees,fourlanehighway,assamforestcover,environment,nature,deforestationneindia,climatechange,doboka,hojai,
thought,nature,earth,water,photography,smile,smart,life,artistic,art,love,expression,creative,gr,
adoptables,dungeonsanddragons,lands,
cop26,environment,climatechange,
trees,environment,nature,photography,
hiking,nature,environment,traikrunning,
climatechange,climatechangeisreal,sciencematters,environment,climate,
cop26,environment,
architectural,
environment,lifelessons,
langstoneharbour,haylingisland,southsea,hampshire,raws,
accident,ambulance,australia,australiapost,
gmail,office365,clouds,
bee,lavender,pollen,smallbusiness,biology,environment,sting,
advancedmanufacturing,asia,auspol,australia,barkly,
dolphins,nature,think,protect,sweet,photography,smart,wildlife,preserve,artistic,
zerocarbon,climateaction,zerowaste,carbonfootprint,gogreen,netzero,environment,sustainable,environment,nature,
sewage,brexitreality,environment,cop26,turdreich,
manufacturer,wastewatertreatment,watertreatment,waterfilter,reverseosmosis,watertechnology,waterfilter,
sustainable,
freedonziger,bigoil,pollution,environment,amazon,humanrights,
bbc,
scaling,cntower,alberta,
sdgs,
livemusic,
xi's,china,yellowriver,environment,energy,
pennsylvania,
nature,think,protect,forests,photography,smart,wildlife,preserve,ar,
nature,think,protect,sweet,photography,smart,wildlife,preserve,artis,
